Workbook

Sheet Instrucciones
B2: MATRIZ DE CALIFICACIÓN — RFP CRM
B3: Evaluación de propuestas de proveedores · Enfoque en procesos y arquitectura de procesos
B6: Escala de calificación (por pregunta, 1 a 5)
B7: Puntaje | C7: Significado
B8: 1 | C8: No cumple / capacidad no disponible.
B9: 2 | C9: Cumple parcialmente; requiere desarrollo o personalización significativa.
B10: 3 | C10: Cumple con configuración estándar del producto.
B11: 4 | C11: Cumple ampliamente; capacidad nativa y robusta.
B12: 5 | C12: Excede lo requerido; capacidad diferenciadora en el mercado.

Sheet Matriz de Calificación
A1: MATRIZ DE CALIFICACIÓN — RFP CRM
A2: Evaluación de propuestas · Dimensión: procesos y arquitectura de procesos · Escala 1–5 (ver hoja Instrucciones)
A4: ID | B4: Pregunta al proveedor | C4: Peso | D4: Hubspot | F4: Dynamics | H4: SalesForce | J4: Zoho
D5: Punt. | E5: Pond. | F5: Punt. | G5: Pond. | H5: Punt. | I5: Pond. | J5: Punt. | K5: Pond.
A6: 1 | B6: ¿El CRM cuenta con un motor de procesos/workflow nativo (idealmente BPMN 2.0) para modelar procesos end-to-end del ciclo de vida del cliente (adquisición, activación, servicing, retención, cobranza)? | C6: 0.12 | D6: 4 | E6: =$C6*D6 -> 0.48 | F6: 3 | G6: =$C6*F6 -> 0.36 | H6: 5 | I6: =$C6*H6 -> 0.6 | J6: 2 | K6: =$C6*J6 -> 0.24
A7: 2 | B7: ¿Cómo se automatizan flujos y reglas de negocio: low-code/no-code, motor de reglas o desarrollo? ¿Qué complejidad de lógica condicional, ramificaciones y compuertas soporta sin código? | C7: 0.1 | D7: 4 | E7: =$C7*D7 -> 0.4 | F7: 4 | G7: =$C7*F7 -> 0.4 | H7: 4 | I7: =$C7*H7 -> 0.4 | J7: 3 | K7: =$C7*J7 -> 0.3
A8: 3 | B8: ¿Cómo orquesta procesos que cruzan varias áreas o vicepresidencias (ventas, servicio, riesgo, cobranza), incluyendo handoffs, asignación automática, escalamientos y SLAs por etapa? | C8: 0.1 | D8: 3 | E8: =$C8*D8 -> 0.3 | F8: 4 | G8: =$C8*F8 -> 0.4 | H8: 4 | I8: =$C8*H8 -> 0.4 | J8: 2 | K8: =$C8*J8 -> 0.2
A9: 4 | B9: ¿Cuál es el modelo de datos del cliente? ¿Ofrece vista única de cliente (golden record), jerarquías, deduplicación y extensibilidad del modelo (objetos/campos personalizados) sin comprometer las actualizaciones del producto? | C9: 0.08 | D9: 3 | E9: =$C9*D9 -> 0.24 | F9: 3 | G9: =$C9*F9 -> 0.24 | H9: 4 | I9: =$C9*H9 -> 0.32 | J9: 3 | K9: =$C9*J9 -> 0.24
A10: 5 | B10: ¿Qué modelo de integración provee (APIs REST/GraphQL, eventos/webhooks, iPaaS, conectores prebuilt) y cómo se integra con sistemas core (core financiero, motor de scoring, ERP, canales digitales)? | C10: 0.07 | D10: 4 | E10: =$C10*D10 -> 0.28 | F10: 4 | G10: =$C10*F10 -> 0.28 | H10: 4 | I10: =$C10*H10 -> 0.28 | J10: 3 | K10: =$C10*J10 -> 0.21
A11: 6 | B11: ¿Cómo garantiza la consistencia e integridad de los datos entre el CRM y los sistemas fuente (sincronización, maestros de datos, orquestación de eventos, manejo de conflictos)? | C11: 0.1 | D11: 4 | E11: =$C11*D11 -> 0.4 | F11: 4 | G11: =$C11*F11 -> 0.4 | H11: 4 | I11: =$C11*H11 -> 0.4 | J11: 3 | K11: =$C11*J11 -> 0.3
A12: 7 | B12: ¿Cuál es la arquitectura técnica (cloud/SaaS multi-tenant, híbrida, on-prem), su modelo de escalabilidad ante altos volúmenes transaccionales y los SLAs de disponibilidad y rendimiento? | C12: 0.05 | D12: 4 | E12: =$C12*D12 -> 0.2 | F12: 4 | G12: =$C12*F12 -> 0.2 | H12: 4 | I12: =$C12*H12 -> 0.2 | J12: 3 | K12: =$C12*J12 -> 0.15
A13: 8 | B13: ¿Cómo se alinea la solución con una arquitectura de procesos por niveles (L0 macroprocesos → L1 procesos → L2 subprocesos)? ¿Permite reflejar y gobernar esa jerarquía? | C13: 0.15 | D13: 3 | E13: =$C13*D13 -> 0.45 | F13: 3 | G13: =$C13*F13 -> 0.45 | H13: 4 | I13: =$C13*H13 -> 0.6 | J13: 2 | K13: =$C13*J13 -> 0.3
A14: 9 | B14: ¿Qué capacidades de IA/agénticas ofrece embebidas en los procesos (next-best-action, agentes, clasificación/enrutamiento automático, automatización de tareas repetitivas)? ¿Son nativas o de terceros? | C14: 0.15 | D14: 4 | E14: =$C14*D14 -> 0.6 | F14: 3 | G14: =$C14*F14 -> 0.45 | H14: 5 | I14: =$C14*H14 -> 0.75 | J14: 2 | K14: =$C14*J14 -> 0.3
A15: 10 | B15: ¿Qué capacidades de analítica y monitoreo de procesos incluye (process mining, tableros de KPIs de proceso, tiempos de ciclo, cuellos de botella, tasas de conversión por etapa)? | C15: 0.08 | D15: 4 | E15: =$C15*D15 -> 0.32 | F15: 4 | G15: =$C15*F15 -> 0.32 | H15: 4 | I15: =$C15*H15 -> 0.32 | J15: 3 | K15: =$C15*J15 -> 0.24
A16: TOTAL PONDERADO (1 – 5) | C16: =SUM(C6:C15) -> 1 | E16: =SUM(E6:E15) -> 3.67 | G16: =SUM(G6:G15) -> 3.5 | I16: =SUM(I6:I15) -> 4.27 | K16: =SUM(K6:K15) -> 2.48
A17: % de cumplimiento (Total / 5) | E17: =E16/5 -> 0.734 | G17: =G16/5 -> 0.7 | I17: =I16/5 -> 0.854 | K17: =K16/5 -> 0.496

Sheet Resumen
B2: RESUMEN COMPARATIVO — RFP CRM
B5: Proveedor | C5: Puntaje total (1–5) | D5: % cumplimiento | E5: Posición
B6: ='Matriz de Calificación'!D4 -> Hubspot | C6: ='Matriz de Calificación'!E16 -> 3.67 | D6: =C6/5 -> 0.734 | E6: =RANK(C6,$C$6:$C$9,0) -> 2
B7: ='Matriz de Calificación'!F4 -> Dynamics | C7: ='Matriz de Calificación'!G16 -> 3.5 | D7: =C7/5 -> 0.7 | E7: =RANK(C7,$C$6:$C$9,0) -> 3
B8: ='Matriz de Calificación'!H4 -> SalesForce | C8: ='Matriz de Calificación'!I16 -> 4.27 | D8: =C8/5 -> 0.854 | E8: =RANK(C8,$C$6:$C$9,0) -> 1
B9: ='Matriz de Calificación'!J4 -> Zoho | C9: ='Matriz de Calificación'!K16 -> 2.48 | D9: =C9/5 -> 0.496 | E9: =RANK(C9,$C$6:$C$9,0) -> 4
B11: Proveedor mejor evaluado: | D11: =INDEX(B6:B9,MATCH(MAX(C6:C9),C6:C9,0)) -> SalesForce
B13: El proveedor mejor evaluado es el de mayor puntaje total en la dimensión de procesos. Se debe ponderar esta evaluación con las dimensiones comerciales y de servicio antes de la decisión final de adjudicación.
