Workbook

Sheet Riesgos
A1: Registro de riesgos – Proyecto CRM-DA
A2: Celdas en azul = datos de entrada (probabilidad 1-5, impacto 1-5). Puntaje y nivel se calculan solos. Niveles: Bajo 1-4 · Medio 5-9 · Alto 10-14 · Crítico 15-25.
A4: ID | B4: Riesgo | C4: Categoría | D4: Tipo | E4: Probabilidad (1-5) | F4: Impacto (1-5) | G4: Puntaje (P×I) | H4: Nivel | I4: Respuesta | J4: Responsable | K4: Revisión
A5: R1 | B5: Baja adopción por resistencia al cambio | C5: Organizacional | D5: Amenaza | E5: 4 | F5: 5 | G5: =E5*F5 -> 20 | H5: =IF(D5="Oportunidad","Oportunidad",IF(G5>=15,"Crítico",IF(G5>=10,"Alto",IF(G5>=5,"Medio","Bajo")))) -> Crítico | I5: Mitigar: campeones comerciales, capacitación práctica, incentivos por uso | J5: PM | K5: =IF(H5="Crítico","Semanal",IF(H5="Alto","Quincenal","Mensual")) -> Semanal
A6: R2 | B6: Datos de clientes sucios o incompletos | C6: Datos | D6: Amenaza | E6: 4 | F6: 4 | G6: =E6*F6 -> 16 | H6: =IF(D6="Oportunidad","Oportunidad",IF(G6>=15,"Crítico",IF(G6>=10,"Alto",IF(G6>=5,"Medio","Bajo")))) -> Crítico | I6: Mitigar: depuración temprana, reglas de validación | J6: Líder de datos | K6: =IF(H6="Crítico","Semanal",IF(H6="Alto","Quincenal","Mensual")) -> Semanal
A7: R3 | B7: Integración con ERP y correo más compleja de lo previsto | C7: Técnico | D7: Amenaza | E7: 3 | F7: 4 | G7: =E7*F7 -> 12 | H7: =IF(D7="Oportunidad","Oportunidad",IF(G7>=15,"Crítico",IF(G7>=10,"Alto",IF(G7>=5,"Medio","Bajo")))) -> Alto | I7: Mitigar: prueba de concepto en semana 2; aceptar: sincronización por lotes | J7: Consultor | K7: =IF(H7="Crítico","Semanal",IF(H7="Alto","Quincenal","Mensual")) -> Quincenal
A8: R4 | B8: Retraso del proveedor del CRM | C8: Contractual | D8: Amenaza | E8: 3 | F8: 4 | G8: =E8*F8 -> 12 | H8: =IF(D8="Oportunidad","Oportunidad",IF(G8>=15,"Crítico",IF(G8>=10,"Alto",IF(G8>=5,"Medio","Bajo")))) -> Alto | I8: Transferir: SLA y penalidad por retraso | J8: PM | K8: =IF(H8="Crítico","Semanal",IF(H8="Alto","Quincenal","Mensual")) -> Quincenal
A9: R5 | B9: Sobrecostos por cambios de alcance | C9: Alcance/costo | D9: Amenaza | E9: 3 | F9: 3 | G9: =E9*F9 -> 9 | H9: =IF(D9="Oportunidad","Oportunidad",IF(G9>=15,"Crítico",IF(G9>=10,"Alto",IF(G9>=5,"Medio","Bajo")))) -> Medio | I9: Evitar: comité de cambios | J9: PM | K9: =IF(H9="Crítico","Semanal",IF(H9="Alto","Quincenal","Mensual")) -> Mensual
A10: R6 | B10: Rotación de usuarios clave | C10: Recursos | D10: Amenaza | E10: 2 | F10: 4 | G10: =E10*F10 -> 8 | H10: =IF(D10="Oportunidad","Oportunidad",IF(G10>=15,"Crítico",IF(G10>=10,"Alto",IF(G10>=5,"Medio","Bajo")))) -> Medio | I10: Mitigar: respaldo y documentación de roles | J10: Patrocinador | K10: =IF(H10="Crítico","Semanal",IF(H10="Alto","Quincenal","Mensual")) -> Mensual
A11: R7 (+) | B11: Descuento por contrato anual con el proveedor | C11: Adquisiciones | D11: Oportunidad | E11: 3 | F11: 3 | G11: =E11*F11 -> 9 | H11: =IF(D11="Oportunidad","Oportunidad",IF(G11>=15,"Crítico",IF(G11>=10,"Alto",IF(G11>=5,"Medio","Bajo")))) -> Oportunidad | I11: Aprovechar: negociar en la selección | J11: PM | K11: =IF(H11="Crítico","Semanal",IF(H11="Alto","Quincenal","Mensual")) -> Mensual
A12: R8 | B12: Subutilización del CRM: hasta 40 % de funcionalidades sin uso | C12: Valor/beneficio | D12: Amenaza | E12: 2 | F12: 4 | G12: =E12*F12 -> 8 | H12: =IF(D12="Oportunidad","Oportunidad",IF(G12>=15,"Crítico",IF(G12>=10,"Alto",IF(G12>=5,"Medio","Bajo")))) -> Medio | I12: Mitigar: RFP formal, evaluación multidisciplinaria, necesidades claras, roadmap de habilitación, comparativa de proveedores | J12: Gerente Comercial y PM | K12: =IF(H12="Crítico","Semanal",IF(H12="Alto","Quincenal","Mensual")) -> Mensual
A13: R8 res. | B13: R8 residual tras aplicar las medidas | C13: Valor/beneficio | D13: Residual | E13: 1 | F13: 3 | G13: =E13*F13 -> 3 | H13: =IF(D13="Oportunidad","Oportunidad",IF(G13>=15,"Crítico",IF(G13>=10,"Alto",IF(G13>=5,"Medio","Bajo")))) -> Bajo | I13: Seguimiento del uso de funcionalidades (alerta si < 70 % al mes 3) | J13: Gerente Comercial y PM | K13: =IF(H13="Crítico","Semanal",IF(H13="Alto","Quincenal","Mensual")) -> Mensual
A15: Escalas: probabilidad 1 muy baja – 5 muy alta; impacto 1 mínimo – 5 crítico. R8: probabilidad baja e impacto "hasta 40 % de funcionalidades sin uso" según el enunciado del grupo.

Sheet Mapa de calor
A1: Mapa de calor de riesgos – Probabilidad × Impacto
A2: Los IDs se ubican solos según los valores de la hoja Riesgos (cambie P o I allá y el mapa se actualiza).
A4: Prob. ↓ / Impacto → | B4: 1 Mínimo | C4: 2 Menor | D4: 3 Moderado | E4: 4 Mayor | F4: 5 Crítico | H4: P (auxiliar)
A5: 5 Muy alta | B5: =TRIM(IF(AND(Riesgos!$E$5=$H5,Riesgos!$F$5=1),Riesgos!$A$5&" ","")&IF(AND(Riesgos!$E$6=$H5,Riesgos!$F$6=1),Riesgos!$A$6&" ","")&IF(AND(Riesgos!$E$7=$H5,Riesgos!$F$7=1),Riesgos!$A$7&" ","")&IF(AND(Riesgos!$E$8=$H5,Riesgos!$F$8=1),Riesgos!$A$8&" ","")&IF(AND(Riesgos!$E$9=$H5,Riesgos!$F$9=1),Riesgos!$A$9&" ","")&IF(AND(Riesgos!$E$10=$H5,Riesgos!$F$10=1),Riesgos!$A$10&" ","")&IF(AND(Riesgos!$E$11=$H5,Riesgos!$F$11=1),Riesgos!$A$11&" ","")&IF(AND(Riesgos!$E$12=$H5,Riesgos!$F$12=1),Riesgos!$A$12&" ","")&IF(AND(Riesgos!$E$13=$H5,Riesgos!$F$13=1),Riesgos!$A$13&" ","")) | C5: =TRIM(IF(AND(Riesgos!$E$5=$H5,Riesgos!$F$5=2),Riesgos!$A$5&" ","")&IF(AND(Riesgos!$E$6=$H5,Riesgos!$F$6=2),Riesgos!$A$6&" ","")&IF(AND(Riesgos!$E$7=$H5,Riesgos!$F$7=2),Riesgos!$A$7&" ","")&IF(AND(Riesgos!$E$8=$H5,Riesgos!$F$8=2),Riesgos!$A$8&" ","")&IF(AND(Riesgos!$E$9=$H5,Riesgos!$F$9=2),Riesgos!$A$9&" ","")&IF(AND(Riesgos!$E$10=$H5,Riesgos!$F$10=2),Riesgos!$A$10&" ","")&IF(AND(Riesgos!$E$11=$H5,Riesgos!$F$11=2),Riesgos!$A$11&" ","")&IF(AND(Riesgos!$E$12=$H5,Riesgos!$F$12=2),Riesgos!$A$12&" ","")&IF(AND(Riesgos!$E$13=$H5,Riesgos!$F$13=2),Riesgos!$A$13&" ","")) | D5: =TRIM(IF(AND(Riesgos!$E$5=$H5,Riesgos!$F$5=3),Riesgos!$A$5&" ","")&IF(AND(Riesgos!$E$6=$H5,Riesgos!$F$6=3),Riesgos!$A$6&" ","")&IF(AND(Riesgos!$E$7=$H5,Riesgos!$F$7=3),Riesgos!$A$7&" ","")&IF(AND(Riesgos!$E$8=$H5,Riesgos!$F$8=3),Riesgos!$A$8&" ","")&IF(AND(Riesgos!$E$9=$H5,Riesgos!$F$9=3),Riesgos!$A$9&" ","")&IF(AND(Riesgos!$E$10=$H5,Riesgos!$F$10=3),Riesgos!$A$10&" ","")&IF(AND(Riesgos!$E$11=$H5,Riesgos!$F$11=3),Riesgos!$A$11&" ","")&IF(AND(Riesgos!$E$12=$H5,Riesgos!$F$12=3),Riesgos!$A$12&" ","")&IF(AND(Riesgos!$E$13=$H5,Riesgos!$F$13=3),Riesgos!$A$13&" ","")) | E5: =TRIM(IF(AND(Riesgos!$E$5=$H5,Riesgos!$F$5=4),Riesgos!$A$5&" ","")&IF(AND(Riesgos!$E$6=$H5,Riesgos!$F$6=4),Riesgos!$A$6&" ","")&IF(AND(Riesgos!$E$7=$H5,Riesgos!$F$7=4),Riesgos!$A$7&" ","")&IF(AND(Riesgos!$E$8=$H5,Riesgos!$F$8=4),Riesgos!$A$8&" ","")&IF(AND(Riesgos!$E$9=$H5,Riesgos!$F$9=4),Riesgos!$A$9&" ","")&IF(AND(Riesgos!$E$10=$H5,Riesgos!$F$10=4),Riesgos!$A$10&" ","")&IF(AND(Riesgos!$E$11=$H5,Riesgos!$F$11=4),Riesgos!$A$11&" ","")&IF(AND(Riesgos!$E$12=$H5,Riesgos!$F$12=4),Riesgos!$A$12&" ","")&IF(AND(Riesgos!$E$13=$H5,Riesgos!$F$13=4),Riesgos!$A$13&" ","")) | F5: =TRIM(IF(AND(Riesgos!$E$5=$H5,Riesgos!$F$5=5),Riesgos!$A$5&" ","")&IF(AND(Riesgos!$E$6=$H5,Riesgos!$F$6=5),Riesgos!$A$6&" ","")&IF(AND(Riesgos!$E$7=$H5,Riesgos!$F$7=5),Riesgos!$A$7&" ","")&IF(AND(Riesgos!$E$8=$H5,Riesgos!$F$8=5),Riesgos!$A$8&" ","")&IF(AND(Riesgos!$E$9=$H5,Riesgos!$F$9=5),Riesgos!$A$9&" ","")&IF(AND(Riesgos!$E$10=$H5,Riesgos!$F$10=5),Riesgos!$A$10&" ","")&IF(AND(Riesgos!$E$11=$H5,Riesgos!$F$11=5),Riesgos!$A$11&" ","")&IF(AND(Riesgos!$E$12=$H5,Riesgos!$F$12=5),Riesgos!$A$12&" ","")&IF(AND(Riesgos!$E$13=$H5,Riesgos!$F$13=5),Riesgos!$A$13&" ","")) | H5: 5
A6: 4 Alta | B6: =TRIM(IF(AND(Riesgos!$E$5=$H6,Riesgos!$F$5=1),Riesgos!$A$5&" ","")&IF(AND(Riesgos!$E$6=$H6,Riesgos!$F$6=1),Riesgos!$A$6&" ","")&IF(AND(Riesgos!$E$7=$H6,Riesgos!$F$7=1),Riesgos!$A$7&" ","")&IF(AND(Riesgos!$E$8=$H6,Riesgos!$F$8=1),Riesgos!$A$8&" ","")&IF(AND(Riesgos!$E$9=$H6,Riesgos!$F$9=1),Riesgos!$A$9&" ","")&IF(AND(Riesgos!$E$10=$H6,Riesgos!$F$10=1),Riesgos!$A$10&" ","")&IF(AND(Riesgos!$E$11=$H6,Riesgos!$F$11=1),Riesgos!$A$11&" ","")&IF(AND(Riesgos!$E$12=$H6,Riesgos!$F$12=1),Riesgos!$A$12&" ","")&IF(AND(Riesgos!$E$13=$H6,Riesgos!$F$13=1),Riesgos!$A$13&" ","")) | C6: =TRIM(IF(AND(Riesgos!$E$5=$H6,Riesgos!$F$5=2),Riesgos!$A$5&" ","")&IF(AND(Riesgos!$E$6=$H6,Riesgos!$F$6=2),Riesgos!$A$6&" ","")&IF(AND(Riesgos!$E$7=$H6,Riesgos!$F$7=2),Riesgos!$A$7&" ","")&IF(AND(Riesgos!$E$8=$H6,Riesgos!$F$8=2),Riesgos!$A$8&" ","")&IF(AND(Riesgos!$E$9=$H6,Riesgos!$F$9=2),Riesgos!$A$9&" ","")&IF(AND(Riesgos!$E$10=$H6,Riesgos!$F$10=2),Riesgos!$A$10&" ","")&IF(AND(Riesgos!$E$11=$H6,Riesgos!$F$11=2),Riesgos!$A$11&" ","")&IF(AND(Riesgos!$E$12=$H6,Riesgos!$F$12=2),Riesgos!$A$12&" ","")&IF(AND(Riesgos!$E$13=$H6,Riesgos!$F$13=2),Riesgos!$A$13&" ","")) | D6: =TRIM(IF(AND(Riesgos!$E$5=$H6,Riesgos!$F$5=3),Riesgos!$A$5&" ","")&IF(AND(Riesgos!$E$6=$H6,Riesgos!$F$6=3),Riesgos!$A$6&" ","")&IF(AND(Riesgos!$E$7=$H6,Riesgos!$F$7=3),Riesgos!$A$7&" ","")&IF(AND(Riesgos!$E$8=$H6,Riesgos!$F$8=3),Riesgos!$A$8&" ","")&IF(AND(Riesgos!$E$9=$H6,Riesgos!$F$9=3),Riesgos!$A$9&" ","")&IF(AND(Riesgos!$E$10=$H6,Riesgos!$F$10=3),Riesgos!$A$10&" ","")&IF(AND(Riesgos!$E$11=$H6,Riesgos!$F$11=3),Riesgos!$A$11&" ","")&IF(AND(Riesgos!$E$12=$H6,Riesgos!$F$12=3),Riesgos!$A$12&" ","")&IF(AND(Riesgos!$E$13=$H6,Riesgos!$F$13=3),Riesgos!$A$13&" ","")) | E6: =TRIM(IF(AND(Riesgos!$E$5=$H6,Riesgos!$F$5=4),Riesgos!$A$5&" ","")&IF(AND(Riesgos!$E$6=$H6,Riesgos!$F$6=4),Riesgos!$A$6&" ","")&IF(AND(Riesgos!$E$7=$H6,Riesgos!$F$7=4),Riesgos!$A$7&" ","")&IF(AND(Riesgos!$E$8=$H6,Riesgos!$F$8=4),Riesgos!$A$8&" ","")&IF(AND(Riesgos!$E$9=$H6,Riesgos!$F$9=4),Riesgos!$A$9&" ","")&IF(AND(Riesgos!$E$10=$H6,Riesgos!$F$10=4),Riesgos!$A$10&" ","")&IF(AND(Riesgos!$E$11=$H6,Riesgos!$F$11=4),Riesgos!$A$11&" ","")&IF(AND(Riesgos!$E$12=$H6,Riesgos!$F$12=4),Riesgos!$A$12&" ","")&IF(AND(Riesgos!$E$13=$H6,Riesgos!$F$13=4),Riesgos!$A$13&" ","")) -> R2 | F6: =TRIM(IF(AND(Riesgos!$E$5=$H6,Riesgos!$F$5=5),Riesgos!$A$5&" ","")&IF(AND(Riesgos!$E$6=$H6,Riesgos!$F$6=5),Riesgos!$A$6&" ","")&IF(AND(Riesgos!$E$7=$H6,Riesgos!$F$7=5),Riesgos!$A$7&" ","")&IF(AND(Riesgos!$E$8=$H6,Riesgos!$F$8=5),Riesgos!$A$8&" ","")&IF(AND(Riesgos!$E$9=$H6,Riesgos!$F$9=5),Riesgos!$A$9&" ","")&IF(AND(Riesgos!$E$10=$H6,Riesgos!$F$10=5),Riesgos!$A$10&" ","")&IF(AND(Riesgos!$E$11=$H6,Riesgos!$F$11=5),Riesgos!$A$11&" ","")&IF(AND(Riesgos!$E$12=$H6,Riesgos!$F$12=5),Riesgos!$A$12&" ","")&IF(AND(Riesgos!$E$13=$H6,Riesgos!$F$13=5),Riesgos!$A$13&" ","")) -> R1 | H6: 4
A7: 3 Media | B7: =TRIM(IF(AND(Riesgos!$E$5=$H7,Riesgos!$F$5=1),Riesgos!$A$5&" ","")&IF(AND(Riesgos!$E$6=$H7,Riesgos!$F$6=1),Riesgos!$A$6&" ","")&IF(AND(Riesgos!$E$7=$H7,Riesgos!$F$7=1),Riesgos!$A$7&" ","")&IF(AND(Riesgos!$E$8=$H7,Riesgos!$F$8=1),Riesgos!$A$8&" ","")&IF(AND(Riesgos!$E$9=$H7,Riesgos!$F$9=1),Riesgos!$A$9&" ","")&IF(AND(Riesgos!$E$10=$H7,Riesgos!$F$10=1),Riesgos!$A$10&" ","")&IF(AND(Riesgos!$E$11=$H7,Riesgos!$F$11=1),Riesgos!$A$11&" ","")&IF(AND(Riesgos!$E$12=$H7,Riesgos!$F$12=1),Riesgos!$A$12&" ","")&IF(AND(Riesgos!$E$13=$H7,Riesgos!$F$13=1),Riesgos!$A$13&" ","")) | C7: =TRIM(IF(AND(Riesgos!$E$5=$H7,Riesgos!$F$5=2),Riesgos!$A$5&" ","")&IF(AND(Riesgos!$E$6=$H7,Riesgos!$F$6=2),Riesgos!$A$6&" ","")&IF(AND(Riesgos!$E$7=$H7,Riesgos!$F$7=2),Riesgos!$A$7&" ","")&IF(AND(Riesgos!$E$8=$H7,Riesgos!$F$8=2),Riesgos!$A$8&" ","")&IF(AND(Riesgos!$E$9=$H7,Riesgos!$F$9=2),Riesgos!$A$9&" ","")&IF(AND(Riesgos!$E$10=$H7,Riesgos!$F$10=2),Riesgos!$A$10&" ","")&IF(AND(Riesgos!$E$11=$H7,Riesgos!$F$11=2),Riesgos!$A$11&" ","")&IF(AND(Riesgos!$E$12=$H7,Riesgos!$F$12=2),Riesgos!$A$12&" ","")&IF(AND(Riesgos!$E$13=$H7,Riesgos!$F$13=2),Riesgos!$A$13&" ","")) | D7: =TRIM(IF(AND(Riesgos!$E$5=$H7,Riesgos!$F$5=3),Riesgos!$A$5&" ","")&IF(AND(Riesgos!$E$6=$H7,Riesgos!$F$6=3),Riesgos!$A$6&" ","")&IF(AND(Riesgos!$E$7=$H7,Riesgos!$F$7=3),Riesgos!$A$7&" ","")&IF(AND(Riesgos!$E$8=$H7,Riesgos!$F$8=3),Riesgos!$A$8&" ","")&IF(AND(Riesgos!$E$9=$H7,Riesgos!$F$9=3),Riesgos!$A$9&" ","")&IF(AND(Riesgos!$E$10=$H7,Riesgos!$F$10=3),Riesgos!$A$10&" ","")&IF(AND(Riesgos!$E$11=$H7,Riesgos!$F$11=3),Riesgos!$A$11&" ","")&IF(AND(Riesgos!$E$12=$H7,Riesgos!$F$12=3),Riesgos!$A$12&" ","")&IF(AND(Riesgos!$E$13=$H7,Riesgos!$F$13=3),Riesgos!$A$13&" ","")) -> R5 R7 (+) | E7: =TRIM(IF(AND(Riesgos!$E$5=$H7,Riesgos!$F$5=4),Riesgos!$A$5&" ","")&IF(AND(Riesgos!$E$6=$H7,Riesgos!$F$6=4),Riesgos!$A$6&" ","")&IF(AND(Riesgos!$E$7=$H7,Riesgos!$F$7=4),Riesgos!$A$7&" ","")&IF(AND(Riesgos!$E$8=$H7,Riesgos!$F$8=4),Riesgos!$A$8&" ","")&IF(AND(Riesgos!$E$9=$H7,Riesgos!$F$9=4),Riesgos!$A$9&" ","")&IF(AND(Riesgos!$E$10=$H7,Riesgos!$F$10=4),Riesgos!$A$10&" ","")&IF(AND(Riesgos!$E$11=$H7,Riesgos!$F$11=4),Riesgos!$A$11&" ","")&IF(AND(Riesgos!$E$12=$H7,Riesgos!$F$12=4),Riesgos!$A$12&" ","")&IF(AND(Riesgos!$E$13=$H7,Riesgos!$F$13=4),Riesgos!$A$13&" ","")) -> R3 R4 | F7: =TRIM(IF(AND(Riesgos!$E$5=$H7,Riesgos!$F$5=5),Riesgos!$A$5&" ","")&IF(AND(Riesgos!$E$6=$H7,Riesgos!$F$6=5),Riesgos!$A$6&" ","")&IF(AND(Riesgos!$E$7=$H7,Riesgos!$F$7=5),Riesgos!$A$7&" ","")&IF(AND(Riesgos!$E$8=$H7,Riesgos!$F$8=5),Riesgos!$A$8&" ","")&IF(AND(Riesgos!$E$9=$H7,Riesgos!$F$9=5),Riesgos!$A$9&" ","")&IF(AND(Riesgos!$E$10=$H7,Riesgos!$F$10=5),Riesgos!$A$10&" ","")&IF(AND(Riesgos!$E$11=$H7,Riesgos!$F$11=5),Riesgos!$A$11&" ","")&IF(AND(Riesgos!$E$12=$H7,Riesgos!$F$12=5),Riesgos!$A$12&" ","")&IF(AND(Riesgos!$E$13=$H7,Riesgos!$F$13=5),Riesgos!$A$13&" ","")) | H7: 3
A8: 2 Baja | B8: =TRIM(IF(AND(Riesgos!$E$5=$H8,Riesgos!$F$5=1),Riesgos!$A$5&" ","")&IF(AND(Riesgos!$E$6=$H8,Riesgos!$F$6=1),Riesgos!$A$6&" ","")&IF(AND(Riesgos!$E$7=$H8,Riesgos!$F$7=1),Riesgos!$A$7&" ","")&IF(AND(Riesgos!$E$8=$H8,Riesgos!$F$8=1),Riesgos!$A$8&" ","")&IF(AND(Riesgos!$E$9=$H8,Riesgos!$F$9=1),Riesgos!$A$9&" ","")&IF(AND(Riesgos!$E$10=$H8,Riesgos!$F$10=1),Riesgos!$A$10&" ","")&IF(AND(Riesgos!$E$11=$H8,Riesgos!$F$11=1),Riesgos!$A$11&" ","")&IF(AND(Riesgos!$E$12=$H8,Riesgos!$F$12=1),Riesgos!$A$12&" ","")&IF(AND(Riesgos!$E$13=$H8,Riesgos!$F$13=1),Riesgos!$A$13&" ","")) | C8: =TRIM(IF(AND(Riesgos!$E$5=$H8,Riesgos!$F$5=2),Riesgos!$A$5&" ","")&IF(AND(Riesgos!$E$6=$H8,Riesgos!$F$6=2),Riesgos!$A$6&" ","")&IF(AND(Riesgos!$E$7=$H8,Riesgos!$F$7=2),Riesgos!$A$7&" ","")&IF(AND(Riesgos!$E$8=$H8,Riesgos!$F$8=2),Riesgos!$A$8&" ","")&IF(AND(Riesgos!$E$9=$H8,Riesgos!$F$9=2),Riesgos!$A$9&" ","")&IF(AND(Riesgos!$E$10=$H8,Riesgos!$F$10=2),Riesgos!$A$10&" ","")&IF(AND(Riesgos!$E$11=$H8,Riesgos!$F$11=2),Riesgos!$A$11&" ","")&IF(AND(Riesgos!$E$12=$H8,Riesgos!$F$12=2),Riesgos!$A$12&" ","")&IF(AND(Riesgos!$E$13=$H8,Riesgos!$F$13=2),Riesgos!$A$13&" ","")) | D8: =TRIM(IF(AND(Riesgos!$E$5=$H8,Riesgos!$F$5=3),Riesgos!$A$5&" ","")&IF(AND(Riesgos!$E$6=$H8,Riesgos!$F$6=3),Riesgos!$A$6&" ","")&IF(AND(Riesgos!$E$7=$H8,Riesgos!$F$7=3),Riesgos!$A$7&" ","")&IF(AND(Riesgos!$E$8=$H8,Riesgos!$F$8=3),Riesgos!$A$8&" ","")&IF(AND(Riesgos!$E$9=$H8,Riesgos!$F$9=3),Riesgos!$A$9&" ","")&IF(AND(Riesgos!$E$10=$H8,Riesgos!$F$10=3),Riesgos!$A$10&" ","")&IF(AND(Riesgos!$E$11=$H8,Riesgos!$F$11=3),Riesgos!$A$11&" ","")&IF(AND(Riesgos!$E$12=$H8,Riesgos!$F$12=3),Riesgos!$A$12&" ","")&IF(AND(Riesgos!$E$13=$H8,Riesgos!$F$13=3),Riesgos!$A$13&" ","")) | E8: =TRIM(IF(AND(Riesgos!$E$5=$H8,Riesgos!$F$5=4),Riesgos!$A$5&" ","")&IF(AND(Riesgos!$E$6=$H8,Riesgos!$F$6=4),Riesgos!$A$6&" ","")&IF(AND(Riesgos!$E$7=$H8,Riesgos!$F$7=4),Riesgos!$A$7&" ","")&IF(AND(Riesgos!$E$8=$H8,Riesgos!$F$8=4),Riesgos!$A$8&" ","")&IF(AND(Riesgos!$E$9=$H8,Riesgos!$F$9=4),Riesgos!$A$9&" ","")&IF(AND(Riesgos!$E$10=$H8,Riesgos!$F$10=4),Riesgos!$A$10&" ","")&IF(AND(Riesgos!$E$11=$H8,Riesgos!$F$11=4),Riesgos!$A$11&" ","")&IF(AND(Riesgos!$E$12=$H8,Riesgos!$F$12=4),Riesgos!$A$12&" ","")&IF(AND(Riesgos!$E$13=$H8,Riesgos!$F$13=4),Riesgos!$A$13&" ","")) -> R6 R8 | F8: =TRIM(IF(AND(Riesgos!$E$5=$H8,Riesgos!$F$5=5),Riesgos!$A$5&" ","")&IF(AND(Riesgos!$E$6=$H8,Riesgos!$F$6=5),Riesgos!$A$6&" ","")&IF(AND(Riesgos!$E$7=$H8,Riesgos!$F$7=5),Riesgos!$A$7&" ","")&IF(AND(Riesgos!$E$8=$H8,Riesgos!$F$8=5),Riesgos!$A$8&" ","")&IF(AND(Riesgos!$E$9=$H8,Riesgos!$F$9=5),Riesgos!$A$9&" ","")&IF(AND(Riesgos!$E$10=$H8,Riesgos!$F$10=5),Riesgos!$A$10&" ","")&IF(AND(Riesgos!$E$11=$H8,Riesgos!$F$11=5),Riesgos!$A$11&" ","")&IF(AND(Riesgos!$E$12=$H8,Riesgos!$F$12=5),Riesgos!$A$12&" ","")&IF(AND(Riesgos!$E$13=$H8,Riesgos!$F$13=5),Riesgos!$A$13&" ","")) | H8: 2
A9: 1 Muy baja | B9: =TRIM(IF(AND(Riesgos!$E$5=$H9,Riesgos!$F$5=1),Riesgos!$A$5&" ","")&IF(AND(Riesgos!$E$6=$H9,Riesgos!$F$6=1),Riesgos!$A$6&" ","")&IF(AND(Riesgos!$E$7=$H9,Riesgos!$F$7=1),Riesgos!$A$7&" ","")&IF(AND(Riesgos!$E$8=$H9,Riesgos!$F$8=1),Riesgos!$A$8&" ","")&IF(AND(Riesgos!$E$9=$H9,Riesgos!$F$9=1),Riesgos!$A$9&" ","")&IF(AND(Riesgos!$E$10=$H9,Riesgos!$F$10=1),Riesgos!$A$10&" ","")&IF(AND(Riesgos!$E$11=$H9,Riesgos!$F$11=1),Riesgos!$A$11&" ","")&IF(AND(Riesgos!$E$12=$H9,Riesgos!$F$12=1),Riesgos!$A$12&" ","")&IF(AND(Riesgos!$E$13=$H9,Riesgos!$F$13=1),Riesgos!$A$13&" ","")) | C9: =TRIM(IF(AND(Riesgos!$E$5=$H9,Riesgos!$F$5=2),Riesgos!$A$5&" ","")&IF(AND(Riesgos!$E$6=$H9,Riesgos!$F$6=2),Riesgos!$A$6&" ","")&IF(AND(Riesgos!$E$7=$H9,Riesgos!$F$7=2),Riesgos!$A$7&" ","")&IF(AND(Riesgos!$E$8=$H9,Riesgos!$F$8=2),Riesgos!$A$8&" ","")&IF(AND(Riesgos!$E$9=$H9,Riesgos!$F$9=2),Riesgos!$A$9&" ","")&IF(AND(Riesgos!$E$10=$H9,Riesgos!$F$10=2),Riesgos!$A$10&" ","")&IF(AND(Riesgos!$E$11=$H9,Riesgos!$F$11=2),Riesgos!$A$11&" ","")&IF(AND(Riesgos!$E$12=$H9,Riesgos!$F$12=2),Riesgos!$A$12&" ","")&IF(AND(Riesgos!$E$13=$H9,Riesgos!$F$13=2),Riesgos!$A$13&" ","")) | D9: =TRIM(IF(AND(Riesgos!$E$5=$H9,Riesgos!$F$5=3),Riesgos!$A$5&" ","")&IF(AND(Riesgos!$E$6=$H9,Riesgos!$F$6=3),Riesgos!$A$6&" ","")&IF(AND(Riesgos!$E$7=$H9,Riesgos!$F$7=3),Riesgos!$A$7&" ","")&IF(AND(Riesgos!$E$8=$H9,Riesgos!$F$8=3),Riesgos!$A$8&" ","")&IF(AND(Riesgos!$E$9=$H9,Riesgos!$F$9=3),Riesgos!$A$9&" ","")&IF(AND(Riesgos!$E$10=$H9,Riesgos!$F$10=3),Riesgos!$A$10&" ","")&IF(AND(Riesgos!$E$11=$H9,Riesgos!$F$11=3),Riesgos!$A$11&" ","")&IF(AND(Riesgos!$E$12=$H9,Riesgos!$F$12=3),Riesgos!$A$12&" ","")&IF(AND(Riesgos!$E$13=$H9,Riesgos!$F$13=3),Riesgos!$A$13&" ","")) -> R8 res. | E9: =TRIM(IF(AND(Riesgos!$E$5=$H9,Riesgos!$F$5=4),Riesgos!$A$5&" ","")&IF(AND(Riesgos!$E$6=$H9,Riesgos!$F$6=4),Riesgos!$A$6&" ","")&IF(AND(Riesgos!$E$7=$H9,Riesgos!$F$7=4),Riesgos!$A$7&" ","")&IF(AND(Riesgos!$E$8=$H9,Riesgos!$F$8=4),Riesgos!$A$8&" ","")&IF(AND(Riesgos!$E$9=$H9,Riesgos!$F$9=4),Riesgos!$A$9&" ","")&IF(AND(Riesgos!$E$10=$H9,Riesgos!$F$10=4),Riesgos!$A$10&" ","")&IF(AND(Riesgos!$E$11=$H9,Riesgos!$F$11=4),Riesgos!$A$11&" ","")&IF(AND(Riesgos!$E$12=$H9,Riesgos!$F$12=4),Riesgos!$A$12&" ","")&IF(AND(Riesgos!$E$13=$H9,Riesgos!$F$13=4),Riesgos!$A$13&" ","")) | F9: =TRIM(IF(AND(Riesgos!$E$5=$H9,Riesgos!$F$5=5),Riesgos!$A$5&" ","")&IF(AND(Riesgos!$E$6=$H9,Riesgos!$F$6=5),Riesgos!$A$6&" ","")&IF(AND(Riesgos!$E$7=$H9,Riesgos!$F$7=5),Riesgos!$A$7&" ","")&IF(AND(Riesgos!$E$8=$H9,Riesgos!$F$8=5),Riesgos!$A$8&" ","")&IF(AND(Riesgos!$E$9=$H9,Riesgos!$F$9=5),Riesgos!$A$9&" ","")&IF(AND(Riesgos!$E$10=$H9,Riesgos!$F$10=5),Riesgos!$A$10&" ","")&IF(AND(Riesgos!$E$11=$H9,Riesgos!$F$11=5),Riesgos!$A$11&" ","")&IF(AND(Riesgos!$E$12=$H9,Riesgos!$F$12=5),Riesgos!$A$12&" ","")&IF(AND(Riesgos!$E$13=$H9,Riesgos!$F$13=5),Riesgos!$A$13&" ","")) | H9: 1
A11: Leyenda
A12: Bajo (1-4)
A13: Medio (5-9)
A14: Alto (10-14)
A15: Crítico (15-25)
A16: (+) oportunidad · res. = riesgo residual. El color de cada celda es fijo según P×I de la posición.
A18: Resumen por nivel
A19: Crítico | B19: =COUNTIF(Riesgos!$H$5:$H$13,A19) -> 2
A20: Alto | B20: =COUNTIF(Riesgos!$H$5:$H$13,A20) -> 2
A21: Medio | B21: =COUNTIF(Riesgos!$H$5:$H$13,A21) -> 3
A22: Bajo | B22: =COUNTIF(Riesgos!$H$5:$H$13,A22) -> 1
A23: Oportunidad | B23: =COUNTIF(Riesgos!$H$5:$H$13,A23) -> 1

Sheet Cronograma
A1: Cronograma y diagrama de Gantt semanal
A2: Azul = fechas editables. Duración y barras del Gantt se calculan solas. Semana 1 inicia el lunes 12-oct-2026.
H3: =DATE(2026,10,12) -> 46307 | I3: =H3+7 -> 46314 | J3: =I3+7 -> 46321 | K3: =J3+7 -> 46328 | L3: =K3+7 -> 46335 | M3: =L3+7 -> 46342 | N3: =M3+7 -> 46349 | O3: =N3+7 -> 46356 | P3: =O3+7 -> 46363 | ... AE3: =AD3+7 -> 46468
A4: Fase | B4: Inicio | C4: Fin | D4: Días | E4: Semanas | F4: Ruta crítica | H4: S1 | I4: S2 | J4: S3 | K4: S4 | L4: S5 | M4: S6 | N4: S7 | O4: S8 | P4: S9 | Q4: S10 | R4: S11 | S4: S12 | T4: S13 | U4: S14 | V4: S15 | W4: S16 | X4: S17 | Y4: S18 | Z4: S19 | AA4: S20 | AB4: S21 | AC4: S22 | AD4: S23 | AE4: S24
A5: Inicio (charter) | B5: 46307 | C5: 46318 | D5: =C5-B5+1 -> 12 | E5: =ROUND(D5/7,1) -> 1.7 | F5: Sí | H5: =IF(AND($B5<=H$3+6,$C5>=H$3),1,"") -> 1 | I5: =IF(AND($B5<=I$3+6,$C5>=I$3),1,"") -> 1 | J5: =IF(AND($B5<=J$3+6,$C5>=J$3),1,"") | K5: =IF(AND($B5<=K$3+6,$C5>=K$3),1,"") | L5: =IF(AND($B5<=L$3+6,$C5>=L$3),1,"") | M5: =IF(AND($B5<=M$3+6,$C5>=M$3),1,"") | N5: =IF(AND($B5<=N$3+6,$C5>=N$3),1,"") | O5: =IF(AND($B5<=O$3+6,$C5>=O$3),1,"") | ... AE5: =IF(AND($B5<=AE$3+6,$C5>=AE$3),1,"")
A6: Análisis y diseño | B6: 46321 | C6: 46346 | D6: =C6-B6+1 -> 26 | E6: =ROUND(D6/7,1) -> 3.7 | F6: Sí | H6: =IF(AND($B6<=H$3+6,$C6>=H$3),1,"") | I6: =IF(AND($B6<=I$3+6,$C6>=I$3),1,"") | J6: =IF(AND($B6<=J$3+6,$C6>=J$3),1,"") -> 1 | K6: =IF(AND($B6<=K$3+6,$C6>=K$3),1,"") -> 1 | L6: =IF(AND($B6<=L$3+6,$C6>=L$3),1,"") -> 1 | M6: =IF(AND($B6<=M$3+6,$C6>=M$3),1,"") -> 1 | N6: =IF(AND($B6<=N$3+6,$C6>=N$3),1,"") | O6: =IF(AND($B6<=O$3+6,$C6>=O$3),1,"") | ... AE6: =IF(AND($B6<=AE$3+6,$C6>=AE$3),1,"")
A7: Selección de proveedor (RFP) | B7: 46321 | C7: 46339 | D7: =C7-B7+1 -> 19 | E7: =ROUND(D7/7,1) -> 2.7 | F7: No | H7: =IF(AND($B7<=H$3+6,$C7>=H$3),1,"") | I7: =IF(AND($B7<=I$3+6,$C7>=I$3),1,"") | J7: =IF(AND($B7<=J$3+6,$C7>=J$3),1,"") -> 1 | K7: =IF(AND($B7<=K$3+6,$C7>=K$3),1,"") -> 1 | L7: =IF(AND($B7<=L$3+6,$C7>=L$3),1,"") -> 1 | M7: =IF(AND($B7<=M$3+6,$C7>=M$3),1,"") | N7: =IF(AND($B7<=N$3+6,$C7>=N$3),1,"") | O7: =IF(AND($B7<=O$3+6,$C7>=O$3),1,"") | ... AE7: =IF(AND($B7<=AE$3+6,$C7>=AE$3),1,"")
A8: Configuración | B8: 46349 | C8: 46402 | D8: =C8-B8+1 -> 54 | E8: =ROUND(D8/7,1) -> 7.7 | F8: Sí | H8: =IF(AND($B8<=H$3+6,$C8>=H$3),1,"") | I8: =IF(AND($B8<=I$3+6,$C8>=I$3),1,"") | J8: =IF(AND($B8<=J$3+6,$C8>=J$3),1,"") | K8: =IF(AND($B8<=K$3+6,$C8>=K$3),1,"") | L8: =IF(AND($B8<=L$3+6,$C8>=L$3),1,"") | M8: =IF(AND($B8<=M$3+6,$C8>=M$3),1,"") | N8: =IF(AND($B8<=N$3+6,$C8>=N$3),1,"") -> 1 | O8: =IF(AND($B8<=O$3+6,$C8>=O$3),1,"") -> 1 | ... AE8: =IF(AND($B8<=AE$3+6,$C8>=AE$3),1,"")
A9: Integraciones | B9: 46398 | C9: 46423 | D9: =C9-B9+1 -> 26 | E9: =ROUND(D9/7,1) -> 3.7 | F9: Sí | H9: =IF(AND($B9<=H$3+6,$C9>=H$3),1,"") | I9: =IF(AND($B9<=I$3+6,$C9>=I$3),1,"") | J9: =IF(AND($B9<=J$3+6,$C9>=J$3),1,"") | K9: =IF(AND($B9<=K$3+6,$C9>=K$3),1,"") | L9: =IF(AND($B9<=L$3+6,$C9>=L$3),1,"") | M9: =IF(AND($B9<=M$3+6,$C9>=M$3),1,"") | N9: =IF(AND($B9<=N$3+6,$C9>=N$3),1,"") | O9: =IF(AND($B9<=O$3+6,$C9>=O$3),1,"") | ... AE9: =IF(AND($B9<=AE$3+6,$C9>=AE$3),1,"")
A10: Depuración y migración de datos | B10: 46391 | C10: 46430 | D10: =C10-B10+1 -> 40 | E10: =ROUND(D10/7,1) -> 5.7 | F10: No | H10: =IF(AND($B10<=H$3+6,$C10>=H$3),1,"") | I10: =IF(AND($B10<=I$3+6,$C10>=I$3),1,"") | J10: =IF(AND($B10<=J$3+6,$C10>=J$3),1,"") | K10: =IF(AND($B10<=K$3+6,$C10>=K$3),1,"") | L10: =IF(AND($B10<=L$3+6,$C10>=L$3),1,"") | M10: =IF(AND($B10<=M$3+6,$C10>=M$3),1,"") | N10: =IF(AND($B10<=N$3+6,$C10>=N$3),1,"") | O10: =IF(AND($B10<=O$3+6,$C10>=O$3),1,"") | ... AE10: =IF(AND($B10<=AE$3+6,$C10>=AE$3),1,"")
A11: Pruebas y UAT | B11: 46433 | C11: 46451 | D11: =C11-B11+1 -> 19 | E11: =ROUND(D11/7,1) -> 2.7 | F11: Sí | H11: =IF(AND($B11<=H$3+6,$C11>=H$3),1,"") | I11: =IF(AND($B11<=I$3+6,$C11>=I$3),1,"") | J11: =IF(AND($B11<=J$3+6,$C11>=J$3),1,"") | K11: =IF(AND($B11<=K$3+6,$C11>=K$3),1,"") | L11: =IF(AND($B11<=L$3+6,$C11>=L$3),1,"") | M11: =IF(AND($B11<=M$3+6,$C11>=M$3),1,"") | N11: =IF(AND($B11<=N$3+6,$C11>=N$3),1,"") | O11: =IF(AND($B11<=O$3+6,$C11>=O$3),1,"") | ... AE11: =IF(AND($B11<=AE$3+6,$C11>=AE$3),1,"")
A12: Capacitación | B12: 46440 | C12: 46465 | D12: =C12-B12+1 -> 26 | E12: =ROUND(D12/7,1) -> 3.7 | F12: No | H12: =IF(AND($B12<=H$3+6,$C12>=H$3),1,"") | I12: =IF(AND($B12<=I$3+6,$C12>=I$3),1,"") | J12: =IF(AND($B12<=J$3+6,$C12>=J$3),1,"") | K12: =IF(AND($B12<=K$3+6,$C12>=K$3),1,"") | L12: =IF(AND($B12<=L$3+6,$C12>=L$3),1,"") | M12: =IF(AND($B12<=M$3+6,$C12>=M$3),1,"") | N12: =IF(AND($B12<=N$3+6,$C12>=N$3),1,"") | O12: =IF(AND($B12<=O$3+6,$C12>=O$3),1,"") | ... AE12: =IF(AND($B12<=AE$3+6,$C12>=AE$3),1,"")
A13: Go-live y soporte inicial | B13: 46468 | C13: 46476 | D13: =C13-B13+1 -> 9 | E13: =ROUND(D13/7,1) -> 1.3 | F13: Sí | H13: =IF(AND($B13<=H$3+6,$C13>=H$3),1,"") | I13: =IF(AND($B13<=I$3+6,$C13>=I$3),1,"") | J13: =IF(AND($B13<=J$3+6,$C13>=J$3),1,"") | K13: =IF(AND($B13<=K$3+6,$C13>=K$3),1,"") | L13: =IF(AND($B13<=L$3+6,$C13>=L$3),1,"") | M13: =IF(AND($B13<=M$3+6,$C13>=M$3),1,"") | N13: =IF(AND($B13<=N$3+6,$C13>=N$3),1,"") | O13: =IF(AND($B13<=O$3+6,$C13>=O$3),1,"") | ... AE13: =IF(AND($B13<=AE$3+6,$C13>=AE$3),1,"") -> 1
A15: Duración total del proyecto (semanas) | E15: =ROUND((MAX(C5:C13)-MIN(B5:B13)+1)/7,1) -> 24.3
A16: Rojo = actividad en ruta crítica · Azul = fuera de ruta crítica. Reserva de tiempo sugerida: 10 % (2 semanas).
